TIPO;ID;NOME;UNIDADES;VALOR_UNITARIO;VALOR_TOTAL;QTD_ANTERIOR;QTD_ATUAL
VENDA;1444;;1;0.0;0.0;1;0
VENDA;163;BATATA QUEIJO PRINGLES 109G;1;15.99;15.99;3;2
VENDA;1673;MACARRAO NISSIN GALINHA CAIPIRA 80G;1;4.19;4.19;4;3
VENDA;1344;PAO DE FORMA TRADICIONAL VISCONTI 400G;1;9.99;9.99;4;3
VENDA;1358;;1;0.0;0.0;1;0
VENDA;291;SANDUICHE NATURAL SABORES SOFT 120G;1;15.99;15.99;3;2
VENDA;1446;PRESUNTO AURORA 180G;1;11.99;11.99;4;3
VENDA;1521;;1;0.0;0.0;1;0
VENDA;1420;REFRIGERANTE COCA COLA 2L;2;12.99;25.98;4;2
