ID;NOME;CODIGO;CATEGORIA;UNIDADE
162;ABSORVENTE FEMININO INTIMUS GEL COM ABAS;7896007540617;HIGIENE E LIMPEZA;UN
156;AGUA DE COCO 200ML;7898961490267;BEBIDA NÃO ALCÓLICA;UN
46;AGUA DE COCO 200ML;7898914221917;BEBIDA NÃO ALCÓLICA;UN
302;AGUA MINEIRO CRYSTAL 500ML;7897184000710;BEBIDA NÃO ALCÓLICA;UN
62;AGUA MINERAL COM GAS 500ML INATIVA;7897184000727;BEBIDA NÃO ALCÓLICA;UN
206;AGUA MINERAL COM GAS 500ML MINEIRO;7897184000727;BEBIDA NÃO ALCÓLICA;UN
161;AGUA MINERAL COM GAS LA PRIORI 500ML;7898121460284;BEBIDA NÃO ALCÓLICA;UN
1563;AGUA MINERAL INDAIA COM GAS PET 1,5L;7896445472174;BEBIDA NÃO ALCÓLICA;UN
1557;ALCOOL ETILICO HIDRATADO  46° INPM ITAJA (1L);7898051680929;HIGIENE E LIMPEZA;UN
210;ALFAJOR MINI TRADICIONAL ODARA 25G;7898994498094;DOCES;UN
1565;ALHO FRANRO TRITURADO 200GRS;7897963300116;MERCEARIA;UN
193;AMENDOIM CROCANTE PIMENTA DORI 70G;7896058599190;SALGADOS E SNACKS;UN
83;AMENDOIM SALSA E CEBOLA DORI 70G;7896058599206;SALGADOS E SNACKS;UN
81;AMENDOIM TORRADO ALHO DORI 90G;7896058597752;SALGADOS E SNACKS;UN
1627;ATUM SOLIDO OLEO 170 GR;7891167011731;MERCEARIA;UN
1543;AZEITONA VERDE S/CAROCO 120G;7896272004203;MERCEARIA;UN
236;BALA DE GOMA SABOR IOGURTE 32G;7896058506099;DOCES;UN
246;BANDAGEM ELASTICA KNESIO 5M;10013;MATERIAIS ESPORTIVOS;UN
51;BARRA DE CEREAL AVEIA COM BANANA E MEL NUTRY 22G;7891331010508;LINHA FIT;UN
177;BARRA DE CEREAL CAPPUCCINO NUTRY 20G;7891331018375;LINHA FIT;UN
233;BARRA DE CEREAL CASTANHA DE CAJU COM CHOCOLATE  NUTRY 22G;7891331014537;LINHA FIT;UN
94;BARRA DE CHOCOLATE AO LEITE COM OVOMALTINE HERSHEY'S 77G;7899970402876;DOCES;UN
93;BARRA DE CHOCOLATE AO LEITE HERSHEY'S 82G;7899970402814;DOCES;UN
95;BARRA DE CHOCOLATE BRANCO HERSHEY'S 82G;7899970402807;DOCES;UN
20;BARRA DE CHOCOLATE DIAMANTE NEGRO LACTA 80G;7622210674050;DOCES;UN
19;BARRA DE CHOCOLATE LACTA SABORES 80G;7622210673831;DOCES;UN
21;BARRA DE CHOCOLATE LAKA LACTA 80G;7622210674319;DOCES;UN
237;BARRA DE FRUTAS BANANA E AMEIXA SUPINO 24G;7896798603638;LINHA FIT;UN
187;BARRA DE FRUTAS MACA E CANELA SUPINO 24G;7896798603607;LINHA FIT;UN
248;BARRA DE PROTEINA ABSOLUT BRIGADEIRO 45G;7898669301766;LINHA FIT;UN
166;BARRA DE PROTEINA ABSOLUT CREME DE AVELÃ 45G;7898669301810;LINHA FIT;UN
124;BARRA DE PROTEINA ABSOLUT DOCE DE LEITE 45G;7898669301780;LINHA FIT;UN
194;BARRA DE PROTEINA BOLD SABORES 40G;7898755181081;LINHA FIT;UN
223;BARRA DE PROTEINA COOKIES ABSOLUT NUTRITION;7898669301797;LINHA FIT;UN
208;BARRA DE PROTEINA HEALT CHOCOLETA 45G;7898744165474;LINHA FIT;UN
1524;BARRINHA GOIABA DP B 30G;7891962003894;MERCEARIA;UN
217;BCAA ORIGINAL NUTRITION 100GR;7908589903756;SUPLEMENTOS;UN
45;BEBIDA DE EXTRATO GUARA BLACK 290ML;7898996459505;BEBIDA NÃO ALCÓLICA;UN
23;BEBIDA LACT CAPP 3C PWHEY COOK 12X250ML;7896045110629;BEBIDA NÃO ALCÓLICA;UN
40;BEBIDA LACTEA CHOCOLATE NESCAU 180ML;7891000359822;BEBIDA NÃO ALCÓLICA;UN
63;BEBIDA PROTEICA 3C COOKIES 250ML;7896045110629;BEBIDA NÃO ALCÓLICA;UN
24;BEBIDA PROTEICA 3C DOCE DE LEITE 250ML;7896045110636;BEBIDA NÃO ALCÓLICA;UN
64;BEBIDA PROTEICA NOFOCO CAFE 250ML;7898215158097;BEBIDA NÃO ALCÓLICA;UN
227;BEBIDA PROTEICA PARMALAT CHOCOLATE 250 ML;7891097104343;BEBIDA NÃO ALCÓLICA;UN
230;BEBIDA PROTEICA PIRACANJUBA CAFE 250ML;7898215157977;BEBIDA NÃO ALCÓLICA;UN
214;BEBIDA PROTEICA PIRACANJUBA COOKIES 250ML;7898215158837;BEBIDA NÃO ALCÓLICA;UN
1455;BEBIDA REFRESCO GUARA BLACK 500 ML;7898996459512;BEBIDA NÃO ALCÓLICA;UN
1506;BEBIDA WHEY FIT PARMALAT CAPUCCINO 250ML;7891097106118;BEBIDA NÃO ALCÓLICA;UN
1502;BISC.AMANT.BAN.C/CANELA BAUDUCCO 354G;7891962076348;DOCES;UN
1575;BISCOITO BAUDUCCO CREAM CRACKER 165G;7891962075228;MERCEARIA;UN
1499;BISCOITO BONO RECHEADO CHOCOLATE 90G;7891000376843;DOCES;UN
47;BISCOITO CLUB SOCIAL ORIGINAL 24 GR;7622300990732;SALGADOS E SNACKS;UN
1525;BISCOITO NESTLE BONO MORANGO 90GR;7891000376959;MERCEARIA;UN
1318;BISCOITO NESTLE COOKIE ALPINO GOTAS CHOCO 60G;7891000350119;DOCES;UN
22;BISCOITO OREO ORGINAL 36G;7622300830083;DOCES;UN
283;BOLD TUBE 40G;7898755180367;LINHA FIT;UN
27;BOLINHO BAUDUCCO DUO CHOCOLATE  27G;7891962051383;DOCES;UN
1522;BOLINHO BAUNILHA/MORANGO B 8X14X40G;7891962015620;MERCEARIA;UN
1526;BOLINHO BELIVE BAUNILHA ZERO (ACUCAR, LEITE E GLUTEN) 40G;7898380410068;MERCEARIA;UN
250;BOLINHO DE CHOCOLATE BELIVE 40G;7898380411119;LINHA FIT;UN
249;BOLINHO DE LARANJA BELIVE 40G;7898380411102;LINHA FIT;UN
1523;BOLINHO DUPLO CHOC 40G;7891962031170;MERCEARIA;UN
301;BOLO BAUDUCCO CENOURA CHOC 200G;7891962076379;DOCES;UN
1429;BOLO DE FATIA GOURMET;10021;ARTESANAIS;UN
106;BOLO DE FATIA SABORES 130G;10001;ARTESANAIS;UN
203;BOLO DE FATIA SABORES 220G;10009;ARTESANAIS;UN
1629;BOMBOM LACTA CAIXA FAVORITOS 250,6G;7622210596413;DOCES;UN
298;BOMBONS DE SORVETES;10016;DOCES;UN
211;BROWNIE COOKIES CREAM 80G;609963480678;DOCES;UN
197;BROWNIE CREME DE AVELA 80G;609963480630;DOCES;UN
196;BROWNIE DOCE DE LEITE 80G;609963480647;DOCES;UN
10;BROWNIE TRADICIONAL 65G;609963480623;DOCES;UN
1548;CAFE  GOURM 3 CORAÇOES 250G;7896045101665;MERCEARIA;UN
1547;CAFE GOURM 3 CORAÇÕES CERRADO 250G;7896045101658;MERCEARIA;UN
1625;CALDO DE GALINHA MAGGI 19GR;7891000242483;MERCEARIA;UN
299;CANJICA DOCE;10017;ARTESANAIS;UN
1436;CAPA FILE RESFRIADO PLENA;10055;CARNES;UN
1595;CERVEJA AMSTEL ULTRA LT 350ML;7896045507610;BEBIDA ALCÓLICA;UN
1426;CERVEJA HEINEKEN LONG NECK 330ML;7896045505371;BEBIDA ALCÓLICA;UN
1397;CERVEJA PURO MALTE AMSTEL LATA 350ML;7896045506934;BEBIDA ALCÓLICA;UN
74;CHA ICE TEA PESSEGO LEAO;7891098040893;BEBIDA NÃO ALCÓLICA;UN
239;CHA ICE TEA PESSEGO LEAO 300ML;7891098042149;BEBIDA NÃO ALCÓLICA;UN
1572;CHAMPIGNON INTEIRO VALE FERTIL SCH 100G;7896272009406;MERCEARIA;UN
1527;CHEETOS ELMA CHIPS 80G LUA PARMESSAO;7892840824921;SALGADOS E SNACKS;UN
1583;CHICKEN CRISPY TRADICIONAL;7894904684359;FRIOS E LATICINIOS;UN
1517;CHICLE SALADA FRUTAS 80G;7898279795061;DOCES;UN
178;CHIPS DE MANDIOCA SABOR CHIMICHURRI 50G;7898380412277;LINHA FIT;UN
1630;CHOC LACTA BIS BRANCO 100 08GR;7622210575999;DOCES;UN
1519;CHOC NESTLE SUFLAIR BR 80G DUO;7891000455708;DOCES;UN
1588;CHOC RECHEADO OURO BRANCO 25G;7622210570116;DOCES;UN
13;CHOCOLATE  KIT KAT AO LEITE 41,5G;7891000248768;DOCES;UN
1305;CHOCOLATE AO LEITE CREMOSO 80G;7891000369098;DOCES;UN
1631;CHOCOLATE BIS ORIGINAL AO LEITE 1008G;7622210575975;DOCES;UN
14;CHOCOLATE KIT KAT DARK 41,5G;7891000248829;DOCES;UN
1589;CHOCOLATE SNICKERS BRANCO 40G;7896423439038;DOCES;UN
16;CHOCOLATE SNICKERS ORIGINAL 42G;7896423420180;DOCES;UN
15;CHOCOLATE SNICKERS WHITE 42G;7896423488883;DOCES;UN
198;CHOCOLATE SONHO DE VALSA 25G;7622210570086;DOCES;UN
17;CHOCOLATE STIKADINHO MORANGO 12G;78929340;DOCES;UN
247;CHOCOLATE TRENTO BRANCO COOKIES 25G;7896306625022;DOCES;UN
300;CLUB SOCIAL SNACK CEBOLA E SALSA 68G;7622210532985;DOCES;UN
1;COCA COLA LATA 350 ML;7894900010015;BEBIDA NÃO ALCÓLICA;UN
1420;COCA COLA PET 2L;7894900011517;BEBIDA NÃO ALCÓLICA;UN
101;COCA COLA ZERO ACUCAR 1,5L;7894900702354;BEBIDA NÃO ALCÓLICA;UN
1571;COCO RALADO MENINA 50G;7896028030661;MERCEARIA;UN
1555;COMFORT AMAC INTENSE ORIGINAL 1L;7891150028944;HIGIENE E LIMPEZA;UN
88;COOKIE GALAK GOTAS NESTLE 60G;7891000350072;DOCES;UN
87;COOKIE PASSATEMPO NESTLE 60G;7891000109298;DOCES;UN
89;COOKIES CHOCOLATE NESTLE 60G;7891000247648;DOCES;UN
1319;COOKIES NESTLE SABORES 60G;7891000339596;DOCES;UN
32;COPO DESCARTAVEL TRANSPARENTE 50 UN 330ML;7898339100927;DESCARTÁVEIS E UTILIDADES;UN
216;COQUETELEIRA ORIGINAL NUTRITION;7908589907570;MATERIAIS ESPORTIVOS;UN
183;CREATINA DYMEX NUTRITION SACHÊ 3G;7907652410542;SUPLEMENTOS;UN
222;CREATINA MULHER MONARKA 300G;7896782758221;SUPLEMENTOS;UN
218;CREATINA ORIGINAL NUTRITION 100G;7908589903770;SUPLEMENTOS;UN
1616;DEL VALLE MANGA 1L;7894900660357;BEBIDA NÃO ALCÓLICA;UN
1617;DEL VALLE MANGA 1L;7894900660357;BEBIDA NÃO ALCÓLICA;UN
1556;DETERGENTE PO LAVAGEM PERFEITA 1,6 KG;7891150064331;HIGIENE E LIMPEZA;UN
257;EMPANADA SABORES 80G;10015;ARTESANAIS;UN
1601;EMPANADO AURGGETS 275G TRAD;7891164110697;FRIOS E LATICINIOS;UN
225;ENERGETICO BALY MORANGO E PESSEGO 250ML;7898080665010;BEBIDA NÃO ALCÓLICA;UN
67;ENERGETICO BALY MORANGO E PESSEGO 473ML;7898080665003;BEBIDA NÃO ALCÓLICA;UN
226;ENERGETICO BALY ORIGINAL 250ML;7898080662262;BEBIDA NÃO ALCÓLICA;UN
256;ENERGETICO BALY ORIGINAL 473ML;7898080663733;BEBIDA NÃO ALCÓLICA;UN
60;ENERGETICO BALY ORIGINAL 473ML;7898080663733;BEBIDA NÃO ALCÓLICA;UN
1508;ENERGETICO ITTIS SERO SABOR ORIGINAL 269ML;7898967406651;BEBIDA NÃO ALCÓLICA;UN
205;ENERGETICO MONSTER ENERGY 473ML;070847022015;BEBIDA NÃO ALCÓLICA;UN
199;ENERGETICO MONSTER ENERGY LATA DESCARTAVEL 473ML;0070847022015;BEBIDA NÃO ALCÓLICA;UN
204;ENERGETICO MONSTER ENERGY LATA DESCARTAVEL 473ML;070847022015;BEBIDA NÃO ALCÓLICA;UN
1542;ERVILHA 170G PREDILECTA;7896292340541;MERCEARIA;UN
1550;ESCOVA COLGATE PREMIER ULTRA;6910021007206;HIGIENE E LIMPEZA;UN
1626;EXTRATO TOMATE POMODORO SACHE 300G C06;7896036001431;MERCEARIA;UN
1621;FANDANGOS QUEIJO 85G;7892840825058;SALGADOS E SNACKS;UN
1635;FEIJAO PEROLA 1KG;7897782800057;MERCEARIA;UN
1623;FERM PO ROYAL 100 G;7622300119621;MERCEARIA;UN
1599;FETUCCINI AO MOLHO BRANCO 300G;7891515606435;FRIOS E LATICINIOS;UN
1600;FETUCCINI CMOL BOLONHESA CONG PD 300G;7891515605803;FRIOS E LATICINIOS;UN
251;FITA DE DEDO PARA JIU JITSU 10M;10014;MATERIAIS ESPORTIVOS;UN
1549;FOFO AMACIANTE CONCENTRADO 500ML;7891150092747;HIGIENE E LIMPEZA;UN
1632;FOLHA DE ALUMINIO ALFALUMINIO 30CMX4M;7896300500868;DESCARTÁVEIS E UTILIDADES;UN
1561;FONE DE OUVIDO HEADPHONE;7888927400713;MATERIAIS ELETRONICOS;UN
1618;GALO MACARRAO SEMOLA ESPAGUETE 8 500G;7896022200756;MERCEARIA;UN
1620;GALO MACARRAO SEMOLA PARAFUSO 500G;7896022200534;MERCEARIA;UN
31;GARFO SOBREMESA BRANCO 50UN;7896343099442;DESCARTÁVEIS E UTILIDADES;UN
243;GARFO SOBREMESA BRANCO STRAWPLAST;7898202615206;DESCARTÁVEIS E UTILIDADES;UN
1614;GATORADE TANGERINA  500ML;7892840808044;BEBIDA NÃO ALCÓLICA;UN
181;GEL DE CARBOIDRATO GUARANA COM AÇAI 30G;7897104925697;SUPLEMENTOS;UN
180;GEL DE CARBOIDRATO MORANGO 30G;7897104925680;SUPLEMENTOS;UN
1552;GELATINA PO ABACAXI 20G PREDILECTA;7896292312180;MERCEARIA;UN
1554;GELATINA PO CEREJA 20G PREDILECTA;7896292312173;MERCEARIA;UN
1551;GELATINA PO MARACUJA 20G PREDILECTA;7896292312142;MERCEARIA;UN
1553;GELATINA PO UVA 20G PREDILECTA;7896292312159;MERCEARIA;UN
164;GUADARNAPO DE PAPEL MAXIM 50 UN;7896026850070;DESCARTÁVEIS E UTILIDADES;UN
130;GUARA BLACK 290ML;7898996459505;BEBIDA NÃO ALCÓLICA;UN
76;GUARANA ANTARCTICA 1,5 L;7891991008761;BEBIDA NÃO ALCÓLICA;UN
1386;GUARANA ANTARCTICA PET 2L;7891991001342;BEBIDA NÃO ALCÓLICA;UN
1612;GUARANA ANTARCTICA PET 600ML;7891991002646;BEBIDA NÃO ALCÓLICA;UN
75;GUARANA ANTARCTICA ZERO 1,5L;7891991008785;BEBIDA NÃO ALCÓLICA;UN
175;GUARAVITON ACAI 500ML;7896326100219;BEBIDA NÃO ALCÓLICA;UN
176;GUARAVITON CATUABA 500ML;7896326100233;BEBIDA NÃO ALCÓLICA;UN
174;GUARAVITON GYNSENG 500ML;7896326100226;BEBIDA NÃO ALCÓLICA;UN
282;GUARAVITON ZERO 500ML;7896326100257;BEBIDA NÃO ALCÓLICA;UN
1303;GUARDANAPO DE PAPEL FLORAX C/50;7898933061303;DESCARTÁVEIS E UTILIDADES;UN
234;HALLS MORANGO 28G;78938847;DOCES;UN
4;HALLS UVA VERDE 28G;78938861;DOCES;UN
1569;HELLMANNS KETCHUP TRADICIONAL  380G;7891150027848;MERCEARIA;UN
1566;HELLMANNS MAIONESE 250G;7894000050027;MERCEARIA;UN
1570;HELLMANNS MOSTARDA 170G;7891150027794;MERCEARIA;UN
207;HYDRO PROTEIN  MOVING FRUTAS VERMELHAS 500ML;7896050201886;BEBIDA NÃO ALCÓLICA;UN
172;HYDRO PROTEIN MOVING FRUTAS VERMELHAS 500ML;7896050201886;BEBIDA NÃO ALCÓLICA;UN
170;HYDRO PROTEIN MOVING TANGERINA 500ML;7896050201749;BEBIDA NÃO ALCÓLICA;UN
171;HYDRO PROTEIN MOVING TANGERINA 500ML;7896050201756;BEBIDA NÃO ALCÓLICA;UN
173;HYDRO PROTEIN MOVING UVA 500ML;7896050201763;BEBIDA NÃO ALCÓLICA;UN
1394;ICE 51 FRUIT MIX GARRAFA 275ML;7896002111508;BEBIDA ALCÓLICA;UN
1449;IOGURTE GREGO TRADICIONAL BATAVO 100G;7891097000270;FRIOS E LATICINIOS;UN
1459;IOGURTE PENSE MORANGO BATAVO 100G;7891097000713;FRIOS E LATICINIOS;UN
1448;IOGURTE ZERO BATAVO 170G;7891097101892;FRIOS E LATICINIOS;UN
1321;ITTS SUPER DRINK PREMIUM MANGA COM PESSEGO SERO 269ML;7898967406750;BEBIDA NÃO ALCÓLICA;UN
240;JOELHEIRA;10011;MATERIAIS ESPORTIVOS;UN
158;KIT HIGIENE PESSOAL;10005;HIGIENE E LIMPEZA;UN
1598;LASANHA 4 QUEIJOS AIR FRYER SEARA 300G;7894904605019;FRIOS E LATICINIOS;UN
1597;LASANHA 4QJ AIRFRYER SEARA 300G;7894904605033;FRIOS E LATICINIOS;UN
1596;LASANHA BOLONHESA AIR FRYER SEARA 350G;7894904605002;FRIOS E LATICINIOS;UN
1564;LEITE COCO DU COCO 200 ML;7896016601408;MERCEARIA;UN
52;LEITE DESNATADO ITALAC 1L;7898080640635;BEBIDA NÃO ALCÓLICA;UN
1560;LEITE ESPECIAL ITALAC INTEGRAL 1L;7898080640611;BEBIDA NÃO ALCÓLICA;UN
1633;LEITE ESPECIAL ITALAC SEMI DESNATADO ENRIQUECIDO COM VIT A E D;7898080640628;BEBIDA NÃO ALCÓLICA;UN
1384;LEITE INTEGRAL COMPLEITE 1L;7896773900417;BEBIDA NÃO ALCÓLICA;UN
53;LEITE INTEGRAL ITALAC 1L;7898080640611;BEBIDA NÃO ALCÓLICA;UN
1482;LEMON PEPPER CHEF 80G;7896570081234;MERCEARIA;UN
1605;LEVISSIMO SEARA FATIADO;7894904265817;FRIOS E LATICINIOS;UN
1437;LING.FRANGO FINA COPACOL RESF. 700G;7891527072501;CARNES;UN
1438;LINGUICA TOSC SUINA SEARA 600G;7894904605088;CARNES;UN
179;MACARRAO CUP NOODLES COSTELA COM MOLHO DE CHURRASCO 72G;7891079013083;SALGADOS E SNACKS;UN
92;MACARRÃO CUP NOODLES BOLONHESA 72G;7891079013120;SALGADOS E SNACKS;UN
91;MACARRÃO CUP NOODLES GALINHA CAIPIRA 69G;7891079013038;SALGADOS E SNACKS;UN
1624;MAGGI CALDO CARNE TABLETE 19G;7891000242452;MERCEARIA;UN
157;MARMITA SABORES;10004;ARTESANAIS;UN
1636;MILHO DE PIPOCA PARA MICROONDAS DE MANTEIGA YOKI 100G;7891095100934;MERCEARIA;UN
1637;MILHO PARA PIPOCA 500G;7896116900784;MERCEARIA;UN
33;MINI BOMBOM COM AMENDOIM FLORMEL 12G;7896653709505;LINHA FIT;UN
105;MIX NUTS AMENDOAS X AMENDOIM 30G;7898925213208;LINHA FIT;UN
263;MOLHO DE TOMATE  TRADICIONAL PREDILECTA 300G;7896292333000;MERCEARIA;UN
1604;MONSTER ENERGY ZERO SUGAR 473ML;7898938890076;BEBIDA NÃO ALCÓLICA;UN
192;NECTAR PESSEGO DEL VALLE LATA 290ML;7894900660319;BEBIDA NÃO ALCÓLICA;UN
1546;NIVEA SAB HIDRAT LAVANDA 85G;4005900521972;HIGIENE E LIMPEZA;UN
1453;NUTRINECTAR UVA 1L;7898920195141;BEBIDA NÃO ALCÓLICA;UN
1577;PAPEL HIGIENICO PERSONAL 4R VIP FOLHA DUPLA NEUTRO 30M;7896110000176;MERCEARIA;UN
1573;PAPEL TOALHA SCALA PLUS 2 ROLOS 200 FOLHAS;7898962794296;DESCARTÁVEIS E UTILIDADES;UN
1479;PAPRICA PICANTE CHEF 70G;7896570081319;MERCEARIA;UN
1457;PASSATEMPO BISCOITO RECHEADO CHOCOLATE 130G;7891000241356;DOCES;UN
1619;PESSEGO DEL VALLE CAIXA 1L;7898341430036;BEBIDA NÃO ALCÓLICA;UN
143;PICOLE SABOR ABACAXI;602883221468;DOCES;UN
151;PICOLE SABOR CHOCOLATE;602883221314;DOCES;UN
147;PICOLE SABOR COCO;602883221253;DOCES;UN
150;PICOLE SABOR DOCE DE LEITE;602883221116;DOCES;UN
149;PICOLE SABOR LEITE CONDENSADO;6028832210552;DOCES;UN
141;PICOLE SABOR LIMAO;602883221536;DOCES;UN
138;PICOLE SABOR MALTINE;602883221369;DOCES;UN
154;PICOLE SABOR MANGA;6028832215984;DOCES;UN
153;PICOLE SABOR MARACUJA;602883221604;DOCES;UN
146;PICOLE SABOR MEIO AMARGO;602883221321;DOCES;UN
155;PICOLE SABOR MORANGO;602883221291;DOCES;UN
126;PICOLE SABOR SABORITO SABORITO;6028832215434;DOCES;UN
145;PICOLE SABOR TRUFA;602883220973;DOCES;UN
144;PICOLE SABOR UVA;602883221567;DOCES;UN
84;PIPOCA DE MICROO PACHA MANTEIGA SUAVE 100G;7896602901004;SALGADOS E SNACKS;UN
85;PIPOCA DE MICROO PACHA NATURAL 100G;7896602901011;SALGADOS E SNACKS;UN
285;PIZZA PRADELA CALABRESA;0618231775101;ARTESANAIS;UN
287;PIZZA PRADELA CALABRESA;618231775101;ARTESANAIS;UN
296;PIZZA PRADELA NAPOLITANA;618231775125;ARTESANAIS;UN
1607;POLPA DE FRUTA DOCE MEL GRAVIOLA 100G;7897553100133;FRIOS E LATICINIOS;UN
1609;POLPA DE MARACUJÁ DOCE MEL 100G;7897553100034;FRIOS E LATICINIOS;UN
1608;POLPA DE UVA DOCE MEL 100G;7897553100164;FRIOS E LATICINIOS;UN
244;PRATO DESCARTAVEL 15 CM  COPOZAN;7896123402363;DESCARTÁVEIS E UTILIDADES;UN
29;PRATO PLASTICO RASO 10 UN 15CM;7896322700031;DESCARTÁVEIS E UTILIDADES;UN
182;PRE TREINO NUCLEAR GEL GUARANA 25G;7897104925437;SUPLEMENTOS;UN
221;PRE TREINO TERMOGENICO SUPERCOFFE MONARKA 200G;7904998127509;SUPLEMENTOS;UN
1446;PRESUNTO AURORA 180 G;7891164007164;FRIOS E LATICINIOS;UN
229;PROTETOR BUCAL COM ESTOJO;10010;MATERIAIS ESPORTIVOS;UN
1606;QUEIJO MUSSARELA FATIADO ITAMBE BDJ 150G;7896051165446;FRIOS E LATICINIOS;UN
1444;QUEIJO MUSSARELA MANDAKA 150G;7898920188709;FRIOS E LATICINIOS;UN
1562;QUEIJO RALADO TRADICIONAL IPANEMA 40G;7896114101817;FRIOS E LATICINIOS;UN
1603;REDBULL 250 ML;611269991000;BEBIDA NÃO ALCÓLICA;UN
102;REFRIGERANTE COCA COLA 1,5 L;7894900027129;BEBIDA NÃO ALCÓLICA;UN
1613;REFRIGERANTE COCA COLA GARRAFA 600ML;7894900011609;BEBIDA NÃO ALCÓLICA;UN
56;REFRIGERANTE COCA COLA ZERO ACUCAR LATA 220ML;7894900700398;BEBIDA NÃO ALCÓLICA;UN
103;REFRIGERANTE GUARANA ANTARCTICA LATA 269ML;7891991012867;BEBIDA NÃO ALCÓLICA;UN
100;REFRIGERANTE GUARANA ANTARCTICA ZERO ACUCAR LATA 269 ML;7891991011235;BEBIDA NÃO ALCÓLICA;UN
1471;RENATA EXPRESS CREMOSO MACARRAO INSTANTANEO FRANGO 88G;7896022203849;MERCEARIA;UN
1473;RENATA EXPRESS MACARRAO INSTANTANEO LEGUMES 85G;7896022201937;MERCEARIA;UN
1594;REQUEIJAO LIGHT POLENGHI 200G X 12UN;7891143013919;FRIOS E LATICINIOS;UN
1354;ROLO DE ALUMINIO 4X30CM;7898930672434;HIGIENE E LIMPEZA;UN
1545;SACO LIXO DOVER  15L C/60;7896082820406;HIGIENE E LIMPEZA;UN
1634;SAL REF. PIRAMIDE 1KG;7896110100319;MERCEARIA;UN
290;SALG FANDANGOS QUEIJO 105G;7892840822897;SALGADOS E SNACKS;UN
1622;SALG YOKITOS 45G(QUEIJO/LUA)**;7891095023240;SALGADOS E SNACKS;UN
254;SALGADINHO CHEETOS ONDA REQUEIJAO 90G;7892840825003;SALGADOS E SNACKS;UN
37;SALGADINHO DORITOS QUEIJO NACHO 75G;7892840822347;SALGADOS E SNACKS;UN
255;SALGADINHO FANDANGOS PRESUNTO 85G;7892840825065;SALGADOS E SNACKS;UN
165;SALGADINHO TORCIDA BACON 60G;7892840822552;SALGADOS E SNACKS;UN
253;SALGADINHO TORCIDA CEBOLA 60G;7892840822576;SALGADOS E SNACKS;UN
39;SALGADINHO TORCIDA CEBOLA E SALSA 60G;7892840822460;SALGADOS E SNACKS;UN
200;SALGADINHO TORCIDA CHURRASCO 60G;7892840822590;SALGADOS E SNACKS;UN
189;SALGADINHO TORCIDA COSTELA COM LIMAO 60G;7892840822606;SALGADOS E SNACKS;UN
1355;SALGADINHO YOKITOS PRESUNTO 54G;7891095023202;SALGADOS E SNACKS;UN
168;SANDUICHE NATURAL ATUM CREMOSO EVOU;7898971985036;ARTESANAIS;UN
169;SANDUICHE NATURAL FRANGO E AZEITONA EVOU;7898971985029;ARTESANAIS;UN
167;SANDUICHE NATURAL LOMBO E PROVOLONE EVOU;7898971985067;ARTESANAIS;UN
185;SANDUICHE NATURAL SABORES;10007;ARTESANAIS;UN
160;SANDUICHE NATURAL SALAME E QUEIJO EVOU;7898971985050;ARTESANAIS;UN
159;SANDUICHE NATURAL SALPICAO DE FRANGO EVOU;7898971985074;ARTESANAIS;UN
291;SANDUICHE NATURAL SOFT 120G;7897574103649;ARTESANAIS;UN
1576;SARDINHA OLEO 250 GR;7891167036871;MERCEARIA;UN
245;SNACK GOODSOY REQUEIJAO 25G;7898380411850;LINHA FIT;UN
136;SORVETE ACAI;602883221734;DOCES;UN
135;SORVETE FLOCOS;602883221710;DOCES;UN
128;SORVETE MALTINE;6028832214826;DOCES;UN
1590;SPRITE ZERO AÇUCAR 310ML;7894900061154;BEBIDA NÃO ALCÓLICA;UN
1530;SUCO 300ML PRATS UVA 100%;7898953148718;BEBIDA NÃO ALCÓLICA;UN
72;SUCO DAFRUTA NECTAR DE UVA 1L;7896005403525;BEBIDA NÃO ALCÓLICA;UN
258;SUCO DE LARANJA PRATS 200ML;7898953148848;BEBIDA NÃO ALCÓLICA;UN
1611;SUCO DE UVA DELL VALE 200ML;7894900660432;BEBIDA NÃO ALCÓLICA;UN
259;SUCO DE UVA PRATS 200ML;7898953148855;BEBIDA NÃO ALCÓLICA;UN
191;SUCO DEL VALLE PESSEGO 290ML;7894900660319;BEBIDA NÃO ALCÓLICA;UN
1610;SUCO DEL VALLE SABOR PESSEGO 200ML;7894900660425;BEBIDA NÃO ALCÓLICA;UN
238;SUCO DEL VALLE UVA LATA 290ML;7894900550269;BEBIDA NÃO ALCÓLICA;UN
65;SUCO NATURAL ONE LARANJA E MACA 180ML;7899916917150;BEBIDA NÃO ALCÓLICA;UN
66;SUCO NATURAL ONE UVA E MACA 180ML;7899916906031;BEBIDA NÃO ALCÓLICA;UN
1379;SUCO NECTAR UVA 1L;7898920195141;BEBIDA NÃO ALCÓLICA;UN
1529;SUCO PRATS LARANJA INTEGRAL 300 ML;7898953148701;BEBIDA NÃO ALCÓLICA;UN
1507;SUPER DRINK PREMIUM ITTS MELANCIA;7898967406989;BEBIDA NÃO ALCÓLICA;UN
219;TERMOGENICO BLACK SKULL 360G;7898708731523;SUPLEMENTOS;UN
241;TORNOZELEIRA;10012;MATERIAIS ESPORTIVOS;UN
232;TORRADA CROCANTISSIMO PEITO DE PERU COM REQUEIJAO 40G;7896002365963;SALGADOS E SNACKS;UN
78;TORRADA CROCANTISSIMO QUEIJO E CEBOLA 40G;7896002364768;SALGADOS E SNACKS;UN
77;TORRADA CROCANTISSIMO SALAME E LIMAO 40G;7896002301398;SALGADOS E SNACKS;UN
1584;TORTA DE FRANGO COM REQUEIJAO FM 180 G;7896074603192;FRIOS E LATICINIOS;UN
235;TRIDENT CANELA 8G;7895800304235;DOCES;UN
7;TRIDENT HORTELA 8G;7895800304211;DOCES;UN
212;TRIDENT TUTTI FRUTTI 8G;7895800430002;DOCES;UN
1615;UVA DEL VALLE CAIXA 1L;7898341430098;BEBIDA NÃO ALCÓLICA;UN
1559;VANISH WHITE LIQ REFIL 500 ML;7891035040436;HIGIENE E LIMPEZA;UN
1579;VEJA BANHEIRO CLORO ATIVO 500ML;7891035209505;HIGIENE E LIMPEZA;UN
1580;VEJA DESENGORDURANTE 500ML;7891035215537;HIGIENE E LIMPEZA;UN
1567;VEJA LAVANDA 1 L;7891035249013;HIGIENE E LIMPEZA;UN
1578;VEJA MULTIUSO  500ML;7891035210006;HIGIENE E LIMPEZA;UN
1568;VEJA PERFUMES NAT FLORES E SONHOS 1L;7891035215339;HIGIENE E LIMPEZA;UN
1628;VINAGRE PEIXE ALCOOL COLORIDO 750 ML;7896089322040;MERCEARIA;UN
26;WAFFER PASSATEMPO CHOCOLATE 20G;7891000081242;DOCES;UN
1602;WAFFLE WAAW TRADICIONAL 210G;7896074607107;FRIOS E LATICINIOS;UN
220;WHEY MULHER MONARKA SABORES 500G;7891239992517;SUPLEMENTOS;UN
215;WHEY PROTEIN ORIGINAL NUTRITION SABOR BAUNILHA  900G;7908589903855;SUPLEMENTOS;UN
